File name	TP	TN	FP	FN	SENS	SPEC	ACC	
DA_clust.tsv	410	520	67	163	0.7155323	0.8858603	0.8017241	
GraphClust_clust.tsv	1041	78	632	11	0.9895437	0.1098592	0.6350738	
Nofold_clust.tsv	497	576	21	77	0.8658537	0.9648241	0.9163108	
Nofold_filt_clust.tsv	392	575	14	190	0.6735395	0.9762309	0.8257899	
